SN,Name,Province,District,Municipality,Ward,Longitude,Latitude,Elevation,Total Area,Usable Open Space Area,Capacity,Suggested Use,Current Land Use,Catchment Area,Access to Site,Ownership,Special features,WASH Facilities,Wi-Fi,Boundary Wall,Electricity Line,Trees & Vegetation,Issues,the_geom
1,Aamchaur,4,36,524 4 36 3 002,8,84.638642,27.957414,855,4864.955,4359.711,1245,,Play Ground,"Khamarebesi, Kunabari, Amdanda, Kumalbesi",Gravel road (3.5m),Government,,No,No,No,No,Yes(Surrounded by trees),No,0106000020E61000000100000001030000000100000030000000FB363D38E328554031C85C7F39F53B4020921DB3E32855408D06B59134F53B4023061E07E6285540E11511DC29F53B4050321FDDE728554053391D0C23F53B4038014EDFE8285540EFF97E5620F53B40D5A4E255E9285540EFCE6F8D1EF53B407C9CEEB6E928554043B760171DF53B408CBAC241EA28554002F43D931AF53B40E8772155EA28554062C4CE5318F53B40DBD4765AEA2855408ECDAC7F14F53B4001E2FD17EA285540D10BC5B311F53B40B0991F18EA285540C13AD4B80DF53B40D8ABA6D5E9285540B077ECEC0AF53B40ED1F45F1E8285540717F00C907F53B40AD0E7256E8285540323DDD3D06F53B40F815FDCFE7285540B2178F1405F53B40C8860121E7285540808B556804F53B40B8580F08E628554003A4D5B403F53B40ACF35924E52855404E9933A503F53B40D7CFA47CE4285540305BE63904F53B40B8E8A3F9E3285540F02B763506F53B40CCF57075E328554082B3CF2209F53B4047E0A554E228554002BBFD630EF53B4098D12D46E1285540A050EB2512F53B407CC8BEF3DF28554081E7B71018F53B404012FBBEDE285540C2DAEA1C1CF53B40C0C00CC6DD28554020488CF31FF53B408008AD6ADC285540FD2CAC8324F53B40AD9AE4FFDB2855406139E85627F53B409F6EABF5DB285540218193CA2AF53B40D965F116DC2855409D03C81A2EF53B40C3AC73D8DC28554092C37FF632F53B406D616280DD285540E046DEE435F53B403835948CDD285540F26867C535F53B40CC3B32F2DD285540001CE44C37F53B405C689332DE285540DE4C8E0938F53B4069AB8FEDDE285540FFA4FACE39F53B40287FC34CDF285540CDCBF0153BF53B40F83462B3DF2855408D9540E53BF53B406C86FF47E0285540410A0DB03DF53B40F38BED9BE0285540CFFC3CF63EF53B40E4CF92E9E02855408096E0E33FF53B4060A8F42AE1285540C1DB5DE83FF53B40ED21FC5EE1285540628BE5CB3FF53B406850C8B2E128554072BCA8BD3FF53B4050AFF001E2285540E2BA35B03FF53B40EFA2AE9DE2285540D067C2F43DF53B40FB363D38E328554031C85C7F39F53B40
2,Budabhimshen Mandir Khel Maidan,3,22,524 3 22 3 001,5,86.064542,27.638557,1511,"8,091.53",5233.422,1495,Humanitarian Coordination Area,Play Ground ,"Dangalpu, Jamjuta, Dharmaghar, Kirantichhap",Gravel Road (3.5m wide),Government,Budabhimshen Temple,Yes (Drinking water only),No,No,No,Yes (surrounded by trees),No,0106000020E61000000100000001030000000100000029000000460BF29521845540D01A419094A33B40FA5CF7C6218455400C74BBAD91A33B402F9F407624845540BF3E717D8BA33B405B646ABE28845540905DDD147EA33B404F74F4D729845540B63A4E5A79A33B40F19E25082A845540765AED7873A33B4024D0BCFB29845540AEC2EE3369A33B40D695DDA2288455403BAD95055EA33B4092BFDCAF268455400FFB05F454A33B40239FD81C25845540DB9E926751A33B40F8AF675B23845540B8A20B7B50A33B402B1D628A20845540AA0F8D8852A33B40641AC2621E84554093BFF07B57A33B40C359CEE51C845540BF5B04355DA33B409DB9C6431D8455407B56E78D61A33B40BFC359161D84554043EAE7E465A33B4080A6C9291D8455405663C94668A33B40D3F102111D8455406CFBBDEB6BA33B405D9F21DB1C845540BDBB50D86DA33B4018555AAC1B8455402212BBEB71A33B40897F4B3E198455402AFF97037FA33B40DD438FCC18845540B0001EEB82A33B40BEA553CC188455402114945883A33B400C56E5B71884554015635D9D85A33B40257D95D418845540EAD66CB986A33B40A042DED918845540714384E986A33B40870F9D0619845540E22CE1B387A33B40E43DD7E21B8455407FD064B88DA33B40BE20B54D1C845540EBCE28878EA33B4063A80D5C1C8455400B3263248FA33B408A1E117F1C845540C4FFDF4290A33B4075FD6B361C8455401F61CC3E92A33B40894FBC641B845540AA79BADC93A33B40A073A28C1C8455409050977794A33B40A61F7FA21E84554060A1F0B196A33B40DA05389E1F845540EB33CBAC97A33B40F93DCFE41F8455404FF7FBD697A33B4056420B38208455407BFA3AD997A33B40D6F718AD208455405C540FB097A33B405C683C31218455404164B66C95A33B40460BF29521845540D01A419094A33B40
3,Deurali Danda,3,23,524 3 23 3 002,4,85.737853,27.7754,1375,7824.978,6204.071,1772,,Sports Ground,"Talchaur, Deurali, Bhirkuna,Dandapari",Gravel Road,Government,Recently expanded sports ground ,No,No,No,No,Yes(Surrounded by trees),No,0106000020E6100000010000000103000000010000002E000000676B4E1B416F554065DC89DD9BC63B404EEB5B3D416F55407D60A95A92C63B40ECFA040D416F55408DDFE78284C63B40C8CE2D27406F5540C942354575C63B40822C0415406F5540F695B79570C63B40954534D83F6F55406F9685176BC63B4096B1D2863F6F5540A192450D69C63B40DD400A2C3F6F55406CFC83C768C63B405997F0823E6F55402A7CDE1269C63B40F44B89823E6F5540206A830A69C63B4093ED048F3D6F55405377379268C63B406D492AED3C6F55406723212468C63B40A2D492373C6F5540236B02FD66C63B40E20CD8393B6F55403C8D4BEB65C63B401728018F3A6F55406B91DD7465C63B40FBE3540E3A6F55405C8157D865C63B400BBF4DA1396F554072CBE61467C63B40BE748D28396F5540ACD44DF168C63B40D810238C386F5540E9CF2F4C6AC63B404CF674E7366F5540D8DCDCA56CC63B4074F73F03366F55401D9DF59D6DC63B40CE10DD8A346F554022F15EF06DC63B40349E30B2326F55408214F07E6DC63B40C35313A0316F554009C88A946CC63B408C395A2F316F5540ABA47DB86CC63B40424B48BE306F55405847A1546DC63B4069B8E465306F5540DEA9B9116EC63B406D28C5FA2F6F554041528EC66FC63B4039E45F0A2F6F5540B57C434884C63B403C9070B82F6F554007E133928CC63B40CB188E18316F5540ABDBC7E192C63B4026010D05326F55408DD700B894C63B406CB79762326F5540D046B5EE94C63B40EEA120EF326F5540FFDED7F394C63B4006147BAE336F554067449E7A94C63B4039060E9F356F5540028E5F8095C63B408020FA123A6F55401A69801C9AC63B4080B729223A6F554064360F209AC63B4051C0EA1F3B6F554084F953299AC63B40D699CD333C6F5540047D79E699C63B4028FDE9463D6F554018B085F099C63B405F93D2E93D6F5540D635300B9AC63B403AFE63E03E6F55402A8EBB099BC63B407853DBFD406F55407C7152489EC63B4001128718416F554032AC24309DC63B40676B4E1B416F554065DC89DD9BC63B40
4,Gorakhkali Football Ground,4,36,524 4 36 3 002,13,84.540902,27.911076,328,9666.3,9666.3,2761,,Football Ground,"Majhuwa, Phedi Bajar, Deurali, Daraitar, Simalgaira",Gravel road,Government,"A busy football ground
Fenced 
Flat terrain
All the area can be used as open space
Grassland 
",No,No,Yes(Fence),No,Yes(Starts from the northern edge),No,0106000020E610000001000000010300000001000000060000000D8FD897AB2255404F2D9C4E3CE93B40D9A0ADAFA6225540A1A56C4D25E93B403C09EE529A225540507DA54D2BE93B40E0D688C79C22554013E7127067E93B40DCE30843AD225540B1E4A4585FE93B400D8FD897AB2255404F2D9C4E3CE93B40
5,Gyan Namuna School,3,23,524 3 23 3 002,7,85.731594,27.754069,1557,4689.66,3430.32,980,,Play Ground,"Melchaur, Kalleri, Karkichhap, Pokharebesi, Irkhu",Gravel Road,Gyan Namuna School,School Ground,Yes,No,Yes,Yes (outside the ground),Yes(Arround the ground),No,0106000020E610000001000000010300000001000000520000000288349ED36E5540C911A026E8C03B405E5E1440D36E5540A1BA4F89E7C03B40A6AE47E9D26E55400FAD85F9E7C03B40A77E297AD26E55407131D768E8C03B4085DC9D38D26E55407EB9D756E9C03B409A565F12D16E5540119EA990ECC03B402BB1C5EED06E55408741D532EDC03B406D5A1E73D06E5540C37EE6F5EFC03B4077AF35CECF6E5540311B7AB1F3C03B407F432E6BCF6E5540AE29AB0BF6C03B40BE644E35CF6E5540D9E1C574F9C03B409A343E0BCF6E5540E8ED1F84FBC03B404077B7D0CE6E554049376BE9FDC03B40545E439CCE6E55409F212568FFC03B4091D78956CE6E554094F0A75302C13B404A5C1126CE6E5540CA63F5BC05C13B401EC3341CCE6E5540A6136C1A08C13B40DD9EAAB5CD6E5540994E5B8B0BC13B4083FD5858CD6E55405775FA7B0DC13B40A2C4380ECD6E5540163F240D0FC13B40360C5FC3CC6E55404B294D9811C13B40BF301D2DCC6E554025A925CA13C13B403CA2ECA4CB6E55407AF42E3C15C13B403E961E2FCB6E554077899A6517C13B402A425483CA6E5540C248CF7919C13B40336E9C18CA6E55407B4F79431BC13B40739D08CCC96E5540F209007E1CC13B408B7B0C6FC96E554084F13CFB1DC13B40AFB4CB01C96E5540667D1C8B1FC13B40E7E72EF4C86E5540710CDFAD1FC13B406FFC50E8C86E5540818BEDE31FC13B408D5A44E7C86E5540921B2D1720C13B408F84F6E8C86E55400C491C3B20C13B40D977D195C96E554026927A2E22C13B400E1B502BCA6E5540D039C40C24C13B40FD9A3779CA6E554034B1274825C13B4021E927F4CA6E5540734F328526C13B405FB12181CB6E55409EE8E2BA27C13B4034DA70E3CB6E55401C38F1C628C13B40A95CA89ECC6E5540367DF0662BC13B40422841FCCC6E5540B4BAF1BA2CC13B40B63A312BCD6E554077D1DE342DC13B40A59D9F4ACD6E55401E0414562DC13B405F613973CD6E5540D50D873F2DC13B40AB35C899CD6E554011A5C7E02CC13B4042A04FD0CD6E5540A5077F3A2CC13B4037A9C363CE6E5540C82345C72AC13B40EFC95954CF6E5540989BFC3E28C13B40BCAA49EACF6E5540EE37B77B26C13B403D3F48FFCF6E55407EC5521C26C13B405B5018EECF6E5540C874DF9925C13B4018A79D6BD06E554086D85CF723C13B40A171574FD16E5540E09BB02921C13B402A9A2BBAD26E55400A94958E1CC13B40CD940BCED36E55406E89929818C13B40730F14C6D36E554067DF326818C13B40B2FB56BBD36E5540FE97C34F18C13B40EDC95EB7D36E55403802C53218C13B407A49F3DDD46E5540EEC3908514C13B4011E16480D56E554070578C4A12C13B40C30698D6D66E5540C7D4B12B0EC13B406E147E78D86E5540CE4731010AC13B40A14899CFD86E5540EE8F362709C13B40B7525E34D96E5540C667D81808C13B40F0DD9269D96E5540534AE56807C13B4074E9B4A2D96E554022015DE406C13B409B81ACB4D96E55401814965906C13B408E9ECFC7D96E55409BA05B0D06C13B406CD3EEB7D96E5540C153619905C13B40201247A8D96E554041FA7AD804C13B402236398BD96E554017BF9FF003C13B40C5104763D96E5540E28B372503C13B402AA27030D96E55400B60427602C13B403DA596DAD76E55403BD0F900FDC03B4065730A18D76E55401F710F55F9C03B409C96B07DD66E55409DB4031EF6C03B40B01C3213D66E55405DDBFAF5F3C03B4084448DC1D46E5540DAE69179ECC03B40C825D67ED46E5540F64BA256EBC03B40E79ADC2ED46E5540333EAADCE9C03B40C023D506D46E55409D781A2EE9C03B400288349ED36E5540C911A026E8C03B40
6,Kalinchok Secondary School,3,22,524 3 22 3 001,3,86.050597,27.664114,1938,"4,628.48","4,421.32",1263,Medical Assistance Area,School Ground,"Charikot Bazar, Chitamthali, Chisapani, Saharpa, Naagi",Black Topped Road,school,School Ground,Yes,No,No,No,Yes ,No,0106000020E61000000100000001030000000100000027000000BECD0046388355406AC1A770F5A93B406CCEFEF33683554078E52623FBA93B40CE0D2C29368355401E9308FDFEA93B4058F543EE35835540C36B262700AA3B40C4DD482E358355404DB5CEFB02AA3B40A3B03A89388355407D3AA8DE0CAA3B40FE623B7A39835540F2FBE58610AA3B404D4494F03A835540A4A42A3417AA3B406426D6CF3F835540D2D415F20DAA3B4095388A7144835540AC57220D02AA3B4013CFB37044835540CFEB1C0902AA3B40A0A8237344835540E195030702AA3B40B069E8CA44835540D2387FCC00AA3B408FADBCC54483554089FCD1B400AA3B40E0FDD88446835540E7FA07F4FBA93B400341E579438355401998DEB8EDA93B40D6FEFF7C43835540A9C1E5B0EDA93B407B15073C4383554075FEDDAEECA93B40712B581A43835540FD7FDB2EEDA93B40A59B2C2642835540FE7F97EAEEA93B40AD1F8B17428355405D4784FBEEA93B40189DDDE641835540424C820BEFA93B40E79F0B92418355407653987EEEA93B408CAAD4664183554096788A79EDA93B40270EAA3841835540A354F366EDA93B40FD356A2C4083554075296CB1EEA93B40CEFD70F93F835540221F68F0EEA93B40F30DF8513F8355408221CF1FEDA93B40D8C471F93D835540A25B8F9BECA93B402C59FEF03D83554014535853ECA93B4078208BCE3D8355403A751A8BECA93B40C6E86CDC3C8355405398282EECA93B4036F1A54F3B8355408F1CE783EDA93B40BDCB77173B835540432AC43BEEA93B405D0AB0893A8355406A106FA0EFA93B40F980F8803A835540494A9AC5EFA93B40FA04471D3A8355404A8CAE6EF1A93B4067B4B7B7398355408F3B1DBBF2A93B40BECD0046388355406AC1A770F5A93B40
7,Kharidhunga Football Ground,3,22,524 3 22 3 001,9,85.946419,27.710123,2604,"7,399.95",4928.947,1408,"Settlement Camp, Humanitarian Coordination Area",Football Ground,"Kharidhunga Bazar, Dobate, Dharedhunga, Rolkharikhola, Ahaldanda",Gravel Road (4.5m wide),Semi Government (Government and Magnisite Company),Football Ground,No,No,No,No,Yes (surrounded by trees),No,0106000020E610000001000000010300000001000000230000003ABB50C8977C5540E2F71BB8A5B53B409EB09F0A967C55404F7F8BAAA5B53B409D55BE61957C5540885972BDA5B53B40A842233F947C554034CDC414A6B53B407316640E937C55409BDC1E74A7B53B40906AFE54907C554082CC3A60AAB53B40C82593538F7C55403F7EFAA8ABB53B406644D02F8E7C5540B19819E1ADB53B409AE7D5858D7C55402806C3BCAFB53B4061EB004F8D7C55408DB3AD0BB1B53B407809AF5D8C7C55406A95EE17B9B53B40391016878B7C5540714B359DC1B53B404604446B8B7C55406882F2ECC2B53B40569FC4228B7C5540036957FECAB53B40719BDBEF8A7C554002FD6DE7D0B53B40922EE7448A7C55407BF9D87EDDB53B404F52A63E8A7C5540645F1C83DEB53B401FDC2A5D8A7C554094BC5A38DFB53B40F18F0E958A7C554072FC55DADFB53B40248FD9F58A7C55405F4D5E59E0B53B40549574028B7C5540817EE969E0B53B40BB186FD78C7C55409792DBF4E1B53B408F8095398E7C554072387F9DE2B53B4041973D03907C55408BA39044E4B53B409F7AAD91937C5540207A2959E6B53B40E7EAE26C947C554021FC48FCE5B53B40C6CE9126957C55403FAFE007E5B53B40755889B5957C5540DA3B642BE3B53B4004A25C08967C5540ED2F9D44E0B53B40F6030438977C5540F8661FB1D5B53B406C62E10F987C5540327BF51ACBB53B407C5DE6E8987C5540BF5017A7B3B53B40D4FE3F1D997C55402E73FF64ABB53B40FC66239F987C5540B57E91CFA7B53B403ABB50C8977C5540E2F71BB8A5B53B40
8,Madkeno Football Ground,3,23,524 3 23 3 002,11,85.716117,27.682814,1140,11819.525,7490.443,2140,,Play Ground,"Sangachok, Gairathok, Pauwathok, Panichaur",Gravel Road,Government,Football Ground,No,No,No,No,"Yes(Present in Easten, Western and Southern direction)",No,0106000020E6100000010000000103000000010000002100000029257386DD6D55409AE63E43A6AE3B406CA49B1ADD6D5540A9178D05A6AE3B406D9F427BDC6D5540240A4309A6AE3B406A9278D0D96D55403816EA0AA9AE3B4078B226F2D46D554050DFA447B3AE3B40428798A4D06D554099923058C1AE3B405F7405A9CF6D55403766E383C5AE3B406D2B4AA4CC6D55407F9B6C37CDAE3B403207B4C5CB6D5540A4A41724D1AE3B4038FF7A60CA6D554034DBFCF2D6AE3B402B2EAEE7C96D5540990A0E96D9AE3B40EC605D60C96D55402C56105FDCAE3B40BAFE49D4C96D55400B6BA23EE0AE3B40A3C42991CB6D554032E78D38E7AE3B40DDCEA51FCF6D554067AB2285F1AE3B4008A506D5D16D5540E5E09C6EF8AE3B400EE4134AD36D55405814DB56FAAE3B40410941CCD36D5540512B5B9BF9AE3B402BD5F9E5D36D55404DD06CF5F8AE3B40B6EC9DEED66D55407D3F8C02F2AE3B406DD114F0D96D55400E610974E7AE3B4072F73959DD6D554002A1ED7BDBAE3B402F839195DF6D55401F224581D4AE3B40B2138EACE16D5540DF3B5DEBCCAE3B4003DC7775E26D55403CDE9AE0C7AE3B40CA00FAAFE26D5540D711A322C6AE3B40C6E21586E26D5540BB4C67D8C4AE3B40CCF98590E26D554066235359C4AE3B40A526B13DE16D5540EDAFA7AABEAE3B4054EE7D69E06D5540F8E5F886B9AE3B400EB64918DF6D55404B7F9435AEAE3B403318E62BDE6D5540770A85EAA8AE3B4029257386DD6D55409AE63E43A6AE3B40
9,Mahadevtari Picnic Spot,4,36,524 4 36 3 002,10,84.570853,27.986487,385,8387.42,7205.32,2058,,"Picnic Spot, Tourist Attraction","Okhale, Chhepetar, Terhakilo, Barhakilo",Gravel road,,"• Picnic spot and children park
• Temple
• Park
",Yes,No,Yes(Wall),No,No,No,0106000020E61000000100000001030000000100000029000000F464807B85245540610F0F0CB9FC3B40C424906785245540FEABE2A5AAFC3B40BF68D6348A245540B229E24FABFC3B40FB7483628B24554063DC9979ABFC3B40F070F99F8B24554082A11982ABFC3B401F5FF8FE8B24554022903224ABFC3B40A81AA80C8D24554012B634E0AAFC3B404C9C5D8A8E245540FE028688AAFC3B402C9752F18F245540A202C138AAFC3B4097C1A73592245540A194CE93A9FC3B40E8C76EA691245540A00046FC9CFC3B40D4E7DE3691245540F05F16E593FC3B408CF37E14912455403FE2061891FC3B40AC29FBAB902455402212D79388FC3B404F01A21F902455406F97E1557CFC3B40E88C16718F2455405D0A270F75FC3B40B79697018F245540FEB2F52872FC3B40CCD15ED98D2455405EF14F156EFC3B4030F5EAD88C2455409D9BA7C26BFC3B40C001522E8C245540EFC50EC46BFC3B40C31CDF648B24554062527E3B6CFC3B40ECCF2A3D8A2455406E9367DC6DFC3B4041C84D728924554053D0DADE6FFC3B40BC9578A288245540A069237372FC3B406015BF8C87245540F05B1E6777FC3B40A8E5E421872455409FC88AF07AFC3B40D874A6BD86245540D1BFCA237FFC3B40B81A4AE285245540FD8C3E5B8AFC3B409CD8120985245540D1A035D492FC3B403F3866A5832455404C0901099EFC3B400C3AA598822455409095B580A6FC3B401CACF1D181245540315209A9AAFC3B406440667B80245540634FD141B0FC3B4091F9991E80245540F1EBF7C5B1FC3B406F4377E67E2455404F68074CB7FC3B40244E72197F2455400F111778B8FC3B4000E81083812455406EB10AC2BEFC3B40B92EEA6B822455401E1D0221C1FC3B404821FEC884245540603F8997C6FC3B408812C7F984245540227ACDD6C4FC3B40F464807B85245540610F0F0CB9FC3B40
10,Rampure Khel Maidan,3,23,524 3 23 3 002,6,85.686186,27.774361,1145,7528.683,5920.089,1691,,Sports Ground,"Pipaldanda, Bahunbesi, Khanigaun",Gravel Road,Government,Near to the Settlement Previously used as Helipad and still can be used,No,No,No,No,Yes(small bushes arround the edge of the site),No,0106000020E6100000010000000103000000010000001C000000A7A590F2EB6B554048E959011CC63B40044A051BEB6B5540B3FE311F1BC63B4031A9A195E96B5540B98D515D1BC63B40D1760430E86B55406E1B9C761CC63B407837D887E66B55400A8D86C11FC63B40BA55E0E6E36B5540AE0B7BEB27C63B408752A406E36B554086E013E32BC63B40FED98220E36B5540B0FCB4642DC63B40E3838798E36B55407285739130C63B409D038CCAE46B55408FC4BAA938C63B402E700F33E76B55404CCEC71F48C63B405C2D05CBE86B5540552E6B6556C63B4009092A04EA6B5540AC504E0662C63B40212BD08BEB6B5540238768A36DC63B40547D03F0EB6B55405D4D8DFE6EC63B4045C5F3E7EC6B55407916C4EE6FC63B40399C796AED6B554065D5544D6FC63B40116D5184EE6B55401A58C0F06DC63B40C99CD956EF6B55404591E7F76BC63B40F1497D1AF06B5540B202EFEF65C63B4073A7898CF06B55405E13678A5AC63B408258998FF06B5540C3DA223C5AC63B40B7F6436CF06B55408C7D26414BC63B407735A7B6F06B554054C7D82F3AC63B40DB554A8EF06B5540EE360E0F2DC63B4031C4519AEF6B5540DB6263F626C63B40AEA2972EEE6B55407A4937F321C63B40A7A590F2EB6B554048E959011CC63B40
11,Rangasala,4,36,524 4 36 3 002,6,84.627618,27.993109,1027,6894.539,4739.098,1970,,Multipurpose Ground,"Gorkha Bazar, Tallo Darbar, Barahgaun, Batase, Dharapani",Pitch road with width of 5m,Government,"• Major open space of Gorkha bazar
• Used for sporting, cultural and religious events
• Situated in core urban area of Gorkha bazar
• Surrounded by fence
",No,No,Yes(Fence),No,No,No,0106000020E61000000100000001030000000100000058000000B826206534285540A3B5C5064DFE3B40E3825F4F342855409E2670294BFE3B40F065BA2034285540FEBD65B548FE3B40A45A56F63328554001DF152645FE3B408C83D2E9332855407E3BA77443FE3B4021158AD63328554004FFC0C241FE3B40839EEABC3328554050A83AC23FFE3B405466B38B33285540CDEAA53D3CFE3B406C89E96A332855409097FFE039FE3B40B0D58543332855407F35C65D38FE3B4020003623332855408005911633FE3B40A85176DC32285540CF55A08C2DFE3B4024D431B63228554032CEF0592AFE3B40F87F68B732285540D4C29A0725FE3B4095F897AF32285540A463AF6F24FE3B40345E849E322855408F906E9023FE3B404BF88A7D32285540A3B0D95D23FE3B407F9A7E34322855405E74FE5323FE3B40DCADE69431285540B3D6903A23FE3B404846A3063128554060BA615223FE3B40415007823028554051373A4923FE3B40508F6ED22F285540CF0CD2F522FE3B40BCF5122F2F28554050A568B522FE3B40ADA5EEA42E285540E21870C921FE3B404C6A69472E2855403DDF4BA620FE3B405CF3D0E82D285540EF91F83620FE3B40CFCD79C62D285540E2285B8E21FE3B4083DCA78B2D2855405F0E276621FE3B403BE6C6AA2D285540B2AAF5ED1FFE3B40CCD630922D285540947406D11FFE3B40389D5E1E2D285540A170F0A51FFE3B405D17708E2C285540F4F818971FFE3B40BF70AFC92B2855401F4A765D1FFE3B4010BE7D3C2B285540813CAC5F1FFE3B4011D3399F2A285540A031E95F1FFE3B400C48941E2A2855409E933FE71FFE3B4097C066752928554060486EEE1EFE3B4051CF387728285540500592C41DFE3B40E13984A327285540AF4222B81CFE3B40084A7DA3262855403FAAA1DF1CFE3B4020031CF8242855408EF0709B1DFE3B4063AF31F6232855402E95A61B1FFE3B40DCA0E80D2428554030EA2C7820FE3B40788D3FFE232855409F0F2BAA21FE3B40806D0010242855404F045C3325FE3B40CF5A315E242855401211109C26FE3B40AC0BAD2324285540E03BA0CB27FE3B4074DD42FC232855404296ABDF28FE3B40892374AF23285540AFD8DC842BFE3B40A861D5942328554014075E202DFE3B4030084DBB2328554030E8C2F02FFE3B40EB8892D4232855404271FEC832FE3B40B7F81FF92328554040EF6AC035FE3B400821DE1024285540AE5FB86C38FE3B408D2AE9C3232855404EC4054939FE3B40EC8FEAD4232855405E3363903CFE3B40E03630D923285540CF51FDAA3EFE3B402B3CA2BA23285540DFC97BDC3FFE3B4035D426D8232855401220361841FE3B40B09D603A24285540DE2E3DD741FE3B400808F5C824285540F2BF822143FE3B40A43E924C25285540E259F03244FE3B40ED095E32262855402F0C6A0B46FE3B409805312C272855407FF9511548FE3B404810E0A627285540817C1D1649FE3B404BDE48D327285540BEE26A4249FE3B405865102B29285540206766994AFE3B4061AABD7329285540F2EF9CC44AFE3B40C9F5DA742928554052F597C44AFE3B40CCBE02992A2855405F9358704BFE3B40344303972A285540ECE7CC714BFE3B40C7A697C62A285540F23A178E4BFE3B4034744B122C28554060E1F5844BFE3B409513FA8B2C2855409280A5A14BFE3B40545B59652D285540DF78B7AC4CFE3B40E36EB32E2E285540BF0D05E34DFE3B404CAC37DB2E28554042CB32BF4EFE3B40BC4E61922F2855401F12E4D84FFE3B408D4FFBE02F2855404F52C65150FE3B408FD7B2B5302855409290D47851FE3B402DEDAF8831285540AFDBA33F52FE3B4095CA071432285540CFA160A152FE3B400CB615AB322855402DC580AA52FE3B40309F2F823328554000E6254B51FE3B4038F749D5332855402DF10B2351FE3B408CB9673F342855404DCB80CB4FFE3B40B04F0A7834285540DE43EFFB4EFE3B40B826206534285540A3B5C5064DFE3B40
12,Ranitar Khel Maidan,3,23,524 3 23 3 002,14,85.688278,27.706858,1091,10165.76,6024.886,1721,,Play Ground,"Ranitar, Dadhuwa, Chhap, Jhyangri",Gravel Road,Government,Sports Ground,No,No,No,No,Yes (Western side),No,0106000020E61000000100000001030000000100000042000000BEED3DAB116C55400BBC54A6EDB43B40B0ACCFE00E6C5540FF95B690DCB43B408C0E5D4A0A6C5540C347F01BCBB43B404B9E3B98096C5540EBB6B8B8CAB43B403F31AD71096C5540257C1A62C9B43B40C9884F4C096C554080C8C812C8B43B40B9F78EEB086C5540CD2AF2B0C5B43B40F682E1C0086C55402C2C0F49C4B43B40D191838B086C55408C473C2CC3B43B404244E653086C5540CDCC7F39C3B43B40152561AA076C55402E11D38CC3B43B40108FD8C9066C5540FE5A6D2BC5B43B407A7FEC37066C554013EFD86CC6B43B403553EF22046C554030C2369CCEB43B409AB5201F026C5540B0054785D5B43B404311BB15026C5540C0F6A635D7B43B4049D46C45026C55400A402E6BD8B43B4009ADBCBA026C554020464A6DDAB43B40D0BFC7FA026C5540BC735B73DBB43B4065DC1391036C5540327164B6DCB43B406E331DDF036C5540F1848319DDB43B405D6B061C046C554084A6B4AFDEB43B40C8FC4E30046C55403875D26AE0B43B40A539673C046C5540AE0E7A42E2B43B4076789030046C55401879369CE3B43B401C970AF7036C5540BF5F49A7E4B43B4097E31D57036C5540E1308C61E5B43B40DCBED1EF016C5540EAA6C570E5B43B4060BC9F01006C5540A572CC4AE5B43B40C88AD7AAFE6B554075169499E5B43B40F834029BFE6B5540A3CEDBD6E6B43B402FEFEB5FFE6B5540C06C88B2E7B43B4011E6AF1CFE6B5540AE637E4AE8B43B402E6ADFADFD6B554014CF699BE8B43B403265D947FD6B5540B287967CE8B43B40F628CD84FD6B5540E7A196D9EDB43B4027465BAAFE6B554018512B90F9B43B40FF82AF3FFF6B5540DB6BEA16FCB43B40650AD693006C5540116DB8B1FEB43B40ADAB6699026C5540E6DDB51200B53B40D31AF24C046C5540C172556300B53B405762B1CF076C554001CE867702B53B401465EF87086C5540C3C74DB003B53B403A9891B90B6C5540A8E24A160BB53B407C805A360E6C55405182CFB010B53B40C85C5ECA0F6C55404180918E14B53B405528EE9E106C5540DA0D371C16B53B40758168F3106C55400AB129E416B53B408107EF93116C554038BED6C115B53B40972899F4116C55408284B15314B53B4099F40575126C5540E0194F4413B53B403024AB0B136C5540B039951411B53B4084B6264C136C5540CA5A9D1410B53B40E93006A8136C5540EBC84CAB0EB53B4059B079E3136C5540A37B04750DB53B40F0EF4413146C5540629B86C60CB53B402A8FAA39146C554000AE37980CB53B40F32B3EBB146C5540E208A45D0BB53B402EE924FB146C554041DE29390AB53B40736B4F15156C554008019DF908B53B400B376B0D156C5540466D7C8507B53B40A0FCB2E8146C5540AF69AD1606B53B40ED036C37146C55407994C51300B53B4031F9D8D9126C55409223CEF5F6B43B40283B5E26126C5540FA6B7179F1B43B40BEED3DAB116C55400BBC54A6EDB43B40
13,Shikhar Ground,4,36,524 4 36 3 002,9,84.622719,27.960641,840,9163.558,6849.713,1957,,Play Ground,"Laxmi Bazar, Jokhetar, Shikhar, Bakarloktar",5m wide road,Government,"Connected to 5m gravel road
Sports ground
Surrounded by trees
",No,No,Yes Fence (only northern part),No,Yes(Surrounded by trees),No,0106000020E61000000100000001030000000100000099000000A46164AADC275540916C8A15F6F53B40CF5F93DCDC2755405E6EFA00F6F53B40C831342CDD2755407F922028F6F53B405D42087BDD27554031B449EAF5F53B40AC4108EDDD275540B03FE1AEF5F53B40CC7FB75FDE2755405EEF8DF6F4F53B403019EB17DF275540405DE8E2F3F53B406F9510B5DF27554074F763CDF2F53B407C8264FDDF275540B2C2095FF2F53B40BC84A941E02755400DBB67F0F1F53B4044F89197E027554092F86079F1F53B40A33593CDE02755400F4C5690F1F53B40C8765C1DE1275540D08FA89AF1F53B4004342C60E12755403F61263FF1F53B400C5963CFE127554084B5F711F1F53B407FFCEB59E227554060319CB6F0F53B407C2F4CE4E2275540D15F1478F0F53B402534FA5FE3275540E289E316F0F53B402CE209F8E3275540004777BCEFF53B406BD70A5AE427554002A7B154EFF53B409C9E2AB4E427554081CC1EC1EEF53B40ABBF1B23E5275540FCD6DBCEEDF53B4070BA506DE5275540E1448200EDF53B40949C9DA8E5275540FF5CEF35ECF53B40D84581DEE52755405EB6FC6AEBF53B40541958F6E5275540D303D5D2EAF53B409C867614E6275540FF83809CE9F53B40751F9539E62755403315663BE8F53B40A81D9B51E6275540D2B09C81E7F53B40D7A24571E6275540421ADE1EE7F53B40287D6593E62755406C4E6DF2E5F53B403537CEBBE6275540005FE51DE5F53B40B8C58DC4E6275540400926ABE4F53B40241055BDE627554064F03B07E4F53B4050641570E627554070D0CD24E3F53B40D8E7132DE6275540902DD2ACE2F53B4038E41BADE52755404DAFEB49E1F53B405505CB2FE527554022F2D0F0DFF53B4090F0B0DAE4275540809BC7DDDEF53B4060668548E427554013320BF3DCF53B40E81A5423E42755400C2A8273DCF53B40A8C16AABE32755404EA45C77DAF53B40B79A3447E32755403EEB3596D8F53B40A84C4EDCE22755404F697854D6F53B40D8186D8CE2275540FE8C011BD4F53B40008EAF32E2275540E3AEA97AD2F53B404F9D9CAAE12755406FF39470D0F53B40889C00CEE0275540422D3AE5CCF53B40786CCEB1E0275540BF224271CCF53B400BA7DF39E0275540F24759C2CBF53B4027D1E301E0275540BDBE4BCBCBF53B40AC441C7ADF2755400241CCD4CAF53B40786ABA24DF275540CD3E02F5C9F53B4061F6B08FDE2755405E35F270C9F53B40CCA7921CDE2755406EFC4F2FC9F53B406CF7869EDD275540B10C2600C9F53B4049CB0E2BDD275540AF2E93FEC8F53B4034AF228FDC2755401DC03087C9F53B4051A36322DC275540AEABCCDFC9F53B40A452D3E0DB275540A2799E4ECAF53B40A0B5EE7FDB275540327D0835CBF53B400F11E309DB275540BD4544C0CBF53B40EDF5218FDA275540527601CBCBF53B40FCE0892FDA275540EFA065C4CBF53B404C7A42F5D9275540BF2DE726CCF53B40BC85CECCD9275540F29417B1CCF53B40335262C2D9275540AF93B5B0CDF53B40EC9561A6D92755402F21CD5BCEF53B4050C1827CD92755404343669FCEF53B407578A82CD9275540C0D798F3CEF53B4018EEB0EBD8275540819283F5CEF53B404DADCEA2D827554033670D77CFF53B4058726629D8275540029931D5CFF53B4018EC03C0D72755408FB7E45AD0F53B40D8DA5861D7275540402E8FF4D0F53B404C477B21D7275540CF93B876D1F53B40B1FF1509D7275540B1F00F22D2F53B4061C404BAD6275540819B2830D3F53B40946F1F5CD6275540A058E43CD3F53B4063DA1206D627554020DAD0D6D2F53B40BC626894D527554083805DD5D2F53B40510A5B22D52755402077611AD3F53B409041A1B3D42755407FC6E492D3F53B40B9F3ED78D427554093724542D4F53B400FB53E52D4275540DE9AFDD2D4F53B4034F7CB13D4275540C22BBE9BD5F53B4095950ABED327554054EB3F49D6F53B4000FEE961D3275540F164835CD6F53B40D544350ED3275540CF764DDDD6F53B4063F1EBFCD2275540A34D5C9CD7F53B408C9B020ED3275540B1F2914AD8F53B40444087E1D22755402DA16121D9F53B40EB678CB0D22755404E184351D9F53B40E0FA7F89D227554091C435DBD8F53B40BCFDB53DD2275540BEB960DCD8F53B40DC3A4D06D227554003A3A8C5D9F53B40D5EF9BD1D12755403D0B8208DAF53B402798AD73D12755409381A51BDAF53B40548B4A44D1275540FD801672DAF53B40DFFD80C6D0275540D214E95CDBF53B405443EB8ED0275540D3A53866DCF53B40B436947CD027554090A475E5DDF53B403064B96ED02755400203CCC4DEF53B40B43B8139D0275540B077BC67DFF53B4018BD936FCF275540B039C993E0F53B4060B830F4CE275540A4A6D411E1F53B405BCAF0A8CE2755401F39BDF9E1F53B40EBC95E1FCE275540C492F149E2F53B40CF040642CD275540D299BF27E3F53B40895731BECC275540D0088185E4F53B40AB3E778ECC275540C04A862DE6F53B408CBD5272CC27554032408D27E7F53B40B0E97343CC275540E2A1F8B1E9F53B406F6D6294CC275540FE06422BEBF53B408B08B30DCD2755409F272B27ECF53B408C7BE036CD275540F07AEDCBECF53B400B36464ACD275540EF902DB4ECF53B409C405AF3CD275540B30240A7EFF53B40104A3FEACE275540DEB8ACB9F3F53B409C8CBAEECF275540C153D766F8F53B40576E1724D027554033922D85FBF53B4031703EACD0275540123A4FB3FDF53B406F90580FD1275540011A98E8FFF53B4050F41509D1275540EED2C3C600F63B409CC1E704D1275540EF60A1D301F63B40FCFFFEECD0275540714D526F03F63B403D5ABBEBD0275540AE1DF05504F63B40E8BF6510D1275540C18C903505F63B401CC0C343D12755404FE48AE405F63B401355C194D12755402108E90007F63B4034D02BD6D1275540C1EF0AA407F63B40A1BDED0AD2275540EFDDB0A707F63B403B8BFD63D2275540E35C2DDF06F63B4095FFDEEDD227554030EAE6B105F63B40309F0161D327554040EA36BB04F63B4074C47994D3275540D1D6EF4C04F63B4064CC472FD4275540B041484703F63B40D424ECEAD4275540DE89975B01F63B40BD76DC98D5275540F200FF8EFFF53B40A1A19641D62755404F633542FEF53B408BAA2EDAD627554063C56334FDF53B4084FE4F29D7275540DCDCCE11FDF53B40EDC7ACA3D727554001D41EAAFCF53B40F1839F07D8275540ADF0D928FCF53B40151BA8ADD82755402178FB2BFBF53B4038C985EFD82755403F856BD8FAF53B402C168B6AD927554051829EF8F9F53B4048F72FEED9275540D0678261F9F53B40FC46BBA8DA2755402F47013EF8F53B40307EED23DB275540B2762C3EF7F53B40DC2FDF5EDB2755403D76F806F7F53B4040F262FBDB2755401144C364F6F53B40A46164AADC275540916C8A15F6F53B40
14,Tundikhel_Bhimeshwor,3,22,524 3 22 3 001,3,86.049445,27.669526,1990,"10,734.66","7,970.26",2277,"Settlement Camp, Humanitarian Coordination Area",Multipurpose Ground,"Charikot Bazar, Gautam Tole, Pakha Tole",Black Topped Road,Government,Main Sport Ground of Dolakha District,No,No,Yes (Fence on one) side,No,No,No,0106000020E61000000100000001030000000100000035000000F10105B72F83554061073B4786AB3B402FF2FDD830835540E18598CD82AB3B40CEA2708831835540922778F282AB3B4078390C69328355403DF4F7B883AB3B405C01D33733835540E400D52E84AB3B40551211F0338355408E9C1DB484AB3B407ED1F15D34835540A17AE57D84AB3B404F2585BC348355404F523F5980AB3B40B1F344FA35835540E7C2AE5F76AB3B40834B3FCE36835540802F07226FAB3B405E12DE2737835540F683EFF369AB3B4070B4C769378355402E9AA82062AB3B403E075467378355405DDF2CF95EAB3B401B948D333783554074F8EB385BAB3B40ACA28FCE368355402B87815B58AB3B40163FF34636835540FF6E167F56AB3B40475ECBAF35835540BCC6422555AB3B40D9C16BEC34835540B8CF872354AB3B40B3ED58CC338355400FD6D61253AB3B407F3A6997328355408562F13C52AB3B4029343843318355409B3124AF51AB3B40266919873083554054B3B30E51AB3B408693C2BD2E83554038083DF44EAB3B40EEBC2FF52D835540165549F44DAB3B402DCCC6562D835540D79B87044DAB3B406006831B2C835540D037ECDE4AAB3B40D276CA382B835540DA41CBD448AB3B40E38A9A842A835540A544D89446AB3B40D8AF07EB2983554093A7B58744AB3B4086494246298355400BA9376142AB3B40074D4C14298355406C464D2941AB3B4035191F0C298355404F9DDBB040AB3B407CA75BDE28835540B91673583DAB3B4096A568BC28835540361B1BD53CAB3B40960F5E1228835540F750A30F3BAB3B4024CE7C7027835540356616CB3AAB3B4095066C4A27835540841B4F943AAB3B40320ED8AE2683554065354B203BAB3B404663D758268355407EF7EBE33BAB3B40CE0640A62083554073D7F20A5DAB3B40BDBC2393208355400387510B5FAB3B40988184AD20835540CB328D2C60AB3B403FCDDB5F24835540E6E838B56BAB3B40035C1B9325835540CF31C6836FAB3B401B6A427F28835540A9A450E87AAB3B4086CFE2722A835540F5B9412782AB3B40CE9312D22B83554019965B3F86AB3B40C6976ED62C8355409E1751F988AB3B404E9A22292D835540C55D9D678BAB3B4080AA21662D835540094BAE398CAB3B403D49808E2D8355404457E97A8CAB3B40481756F12D835540960BC1CD8CAB3B40F10105B72F83554061073B4786AB3B40
15,Tundikhel_Chautara,3,23,524 3 23 3 002,5,85.711806,27.777847,1465,10952.683,9354.556,2672,,Multipurpose Ground,"Chautara Bazar, Gairigaun, Syngabatol, Purano Bazar, Ghalegaun, Laksmandanda",Gravel Road,Government,"Sports Ground suitable for Helipad, used for camping during earthquake 2015",No,No,Yes,No,"Yes(Present in Northen, Easten and Western direction)",No,0106000020E61000000100000001030000000100000036000000F9EF377D8E6D554077FE2F7049C73B4062DAE37D8E6D5540E41E633B49C73B40BA1088FF8E6D5540ACC4115D49C73B40E42F7B118F6D55401D7DBA9748C73B4057011C2D8F6D55409B096ACC47C73B409ED874608F6D55406C99F1E946C73B400874BC06906D554043BDB7F345C73B408775247F916D554018B2F02044C73B409B43F743946D55405275C89140C73B4021D4F6C7966D55400B2892D83DC73B406EC424A5976D5540EDE4C24C3BC73B407667CED1976D55401F4324C93AC73B40C28703F4976D554087642C3A3AC73B403904E6F4976D5540C12FB30D39C73B40CB6EDDBE976D5540C2D3BD8934C73B406E38C626976D5540CD9F3EA42BC73B40E8076A31976D55401E4B4AE023C73B40FE4EA7EF966D55404A64CE7821C73B4049E2DFE3966D55400FE55F2B1FC73B401F4B4014976D55404203A04219C73B401FDFA919976D5540F55A5CD114C73B40F9C54BAB966D5540087DEE9710C73B405FB4C42C966D5540D3088A970DC73B40AE28DE9F956D554019B13AF30AC73B40EEC45EC4946D5540459FC19A04C73B40A9EF6A72946D554091C2F6D601C73B40BA216F5A946D5540E8302B6AFFC63B40B154CD1C946D5540711C337EFFC63B40261477EA936D5540C9EC4AA4FFC63B40DC104D03946D55403310021801C73B406FD51F6F936D554087EEEEA501C73B408E84F64F936D554053BB361900C73B40426DABC5926D55406758DE8100C73B4064DD99538E6D5540AF86244904C73B406A4D22E38D6D55400F4DDE1404C73B401067C6B18D6D55401483EBD203C73B4008755D518D6D5540F767811C04C73B40761C79768B6D554013BFE79B06C73B4065D6C167896D5540FA5F622109C73B40685E275C856D5540BD8CC66C0EC73B402D036303836D5540306E63A60FC73B40AFCBF6D7826D5540EBF5C2E90FC73B40924A541C826D554005ECCE4F12C73B4079882AD6816D55407B15ADBE15C73B40930369CE816D5540171F9A8F18C73B4051C231E0816D5540CCEA9CE71CC73B40E01FFAC0846D55406D93F2A12BC73B4090E0D5CE856D554015BD9C1533C73B40B5EBF8A7876D554059466F3846C73B40F998BAEE876D55405F0746E848C73B4032B445228A6D55403B4DB00449C73B40938BE5FD8A6D5540E5CDDB0049C73B408FF4E5718C6D554076F5818A48C73B40F9EF377D8E6D554077FE2F7049C73B40
