Id,objectid,name,y,x,the_geom,id
121,123,"Aastahai Prahari Bit, Uttar Behadhi-4",28.7112176,80.5780636,0101000020E6100000343478FEFE24544010AE4D5B12B63C40,123
233,236,Aasthai Police Station,28.2964716,83.7678659,0101000020E6100000B05D04B724F15440108E1290E54B3C40,236
239,242,Aasthayi Prahari Post,30.0603245,81.6219257,0101000020E6100000543373A1CD67544060AF296D710F3E40,242
124,126,ACA Entry Permit Checkpoint,28.6659871,84.0230806,0101000020E610000044510D277A015540002A6E217EAA3C40,126
153,155,ACAP Check Post,28.3307205,83.9644433,0101000020E610000058AD6370B9FD5440C0B04119AA543C40,155
40,41,Andheri Police Station,27.7505242,85.8208274,0101000020E6100000284EA56F8874554070909D5A22C03B40,41
104,105,Area Police Offive,28.1946605,81.689007,0101000020E6100000E8CAD0B0186C544070F53F45D5313C40,105
221,224,Armed Police Force Bhajani,28.5025967,80.9671381,0101000020E6100000C8623397E53D5440F0C3632DAA803C40,224
123,125,Armed police Force Gulma Gorkha,27.9848624,84.6398623,0101000020E6100000F0AF0081F3285540508B36F11FFC3B40,125
122,124,Armed police force siraha,26.6330561,86.2495244,0101000020E6100000F0A23035F88F5540B06DEDF60FA23A40,124
107,108,"Armed Police Force, Sanjen Hydropower Security Base, Chilime Rasuwa",28.182031,85.3054808,0101000020E61000004C6357FF8C53554070FD6795992E3C40,108
234,237,bajura police post,29.375972,81.3339235,0101000020E610000010EFAB005F55544040F572B33F603D40,237
2,3,Balkhu,27.6847585,85.2980741,0101000020E6100000446F63A513535540C02D43554CAF3B40,3
13,14,balkumari police station,27.6719324,85.3361568,0101000020E61000000094CF9783555540603C01C303AC3B40,14
118,120,Bartung,27.8563783,83.5533142,0101000020E6100000C057F67F69E35440E04BB69B3BDB3B40,120
10,11,Basantapur Police,27.4571557,84.3232579,0101000020E610000014C6E641B0145540B049EB2708753B40,11
182,184,Bhadaharwa Police Station,26.813751,85.320346,0101000020E61000009C35828C8054554050D64AFC51D03A40,184
231,234,Bhadaure Police Office,28.2815789,83.8639842,0101000020E61000008C4163844BF754408015068E15483C40,234
89,90,Bhanu Chok,26.7319034,85.9332012,0101000020E610000048F18691B97B5540107F6E055EBB3A40,90
238,241,Border Police Office,30.0695605,81.5397763,0101000020E6100000F4F3E4B18B62544050F489B7CE113E40,241
240,243,"Border Police Station, Halji",30.2339276,81.5520796,0101000020E61000002003AD4555635440F0D2DDADE23B3E40,243
29,30,Boudha Police Branch,27.7202554,85.3600858,0101000020E6100000ACB54FA50B57554070576DA862B83B40,30
216,219,Buddhanilkantha Police Station,27.7769981,85.3619988,0101000020E6100000FCE803FD2A575540E030F358E9C63B40,219
87,88,Budhabare Police Station,26.7199292,88.0496146,0101000020E61000000891B7E22C035640009BB2474DB83A40,88
110,111,bungkot police,27.9635593,84.6757517,0101000020E61000001C040F843F2B5540001080D2ABF63B40,111
116,118,Chanaute Police,28.1111718,84.6659922,0101000020E61000002841BF9D9F2A554060F94CC1751C3C40,118
225,228,Chaurjahari ilaka,28.6404537,82.2012195,0101000020E6100000D0EEC0C7E08C5440E04A0EC6F4A33C40,228
212,215,Chautha police post,29.4314053,82.107149,0101000020E610000054F17A87DB865440D02AE593706E3D40,215
94,95,Check post,28.6021107,83.6431552,0101000020E6100000A4676D7429E95440A09146ED239A3C40,95
95,96,Check post,28.4979999,83.6543644,0101000020E6100000D0A0381BE1E95440C085E5EB7C7F3C40,96
97,98,Check post,27.584158,83.8712996,0101000020E61000004889655FC3F75440D060F3608B953B40,98
98,99,Check post,27.6409833,83.5984632,0101000020E6100000141798384DE65440E0A9457B17A43B40,99
99,100,Check post,27.6454109,84.1292308,0101000020E61000004070425145085540503C12A639A53B40,100
232,235,Chhorepatan police Station,28.1903407,83.9569494,0101000020E61000006055B2A83EFD54400095082BBA303C40,235
6,7,"City Police, Dhangadhi",28.7051109,80.5886841,0101000020E6100000F4DA1200AD255440F00ADE2582B43C40,7
21,22,Community Police Service,27.7268479,85.3351501,0101000020E61000005C78671973555540C06D39B412BA3B40,22
189,191,"Community Police Service Center, Kalika",28.2142412,84.074808,0101000020E610000094C97EA7C9045540E09EE482D8363C40,191
151,153,CRV(Metro) Police Station,28.1655885,84.0698029,0101000020E6100000342695A67704554060B40702642A3C40,153
55,56,Damak Police Station,26.6602982,87.7002532,0101000020E6100000D80ACCF2D0EC554040E6844D09A93A40,56
247,250,Dharapori Police Post,30.0032382,81.768782,0101000020E6100000707F6AB9337154404074FB37D4003E40,250
131,133,District Police Gorkha,27.9952959,84.6245493,0101000020E610000090E4A09DF827554060DA4BB6CBFE3B40,133
75,76,District Police Headquarters,26.5685546,88.0738003,0101000020E6100000D4FEE424B9045640705756CB8C913A40,76
33,34,District Police office,28.2639958,83.600564,0101000020E6100000B808FDA36FE6544060DA903A95433C40,34
63,64,District Police Office,27.2117438,86.7926078,0101000020E610000060781016BAB25540402579D734363B40,64
65,66,District Police Office,27.6690131,86.0501783,0101000020E6100000C0C80B1F3683554010B44A7144AB3B40,66
69,70,District Police Office,28.2278934,84.3785885,0101000020E6100000802B42CB3A185540F0CDCB38573A3C40,70
70,71,District Police Office,28.7043131,80.5799566,0101000020E6100000108B49021E25544030CD03DD4DB43C40,71
192,194,District Police Office,28.1098036,85.298852,0101000020E6100000144923642053554040A7B7161C1C3C40,194
129,131,District Police Office Tanahun,27.9760969,84.2658448,0101000020E6100000583CE89903115540D0BC887CE1F93B40,131
133,135,"District Police Office, Chitwan",27.6787816,84.4349116,0101000020E610000028397697D51B5540006086A1C4AD3B40,135
117,119,"District Police Office, Rukum",28.6292361,82.4527883,0101000020E6100000B062C77BFA9C5440B019F59D15A13C40,119
18,19,District Police Station,27.6806874,84.4351937,0101000020E6100000540CAD36DA1B554000888B8741AE3B40,19
103,104,District police station,28.9542673,82.8945919,0101000020E6100000183962FE40B95440F01F9DDC4AF43C40,104
79,80,district police training center,27.6947448,84.4393659,0101000020E6100000743527921E1C554030EC94CBDAB13B40,80
53,54,District Traffic Office,26.454406,87.2797351,0101000020E6100000704A0C2EE7D15540801F9EF353743A40,54
78,79,District Traffic Office,27.680216,84.4306388,0101000020E61000000CA40A968F1B55408082C2A222AE3B40,79
61,62,District traffic police office,27.2222967,86.7895458,0101000020E610000034FE1AEB87B25540C0EEBE6FE8383B40,62
128,130,doramba police station,27.5141111,85.9332179,0101000020E6100000F0E791D7B97B55405080FAC89C833B40,130
114,116,Drivertol police,27.6497435,83.4672907,0101000020E61000008C744017E8DD54405069099755A63B40,116
31,32,Dsp Police Station,26.4629499,87.2823761,0101000020E6100000A4DB347312D25540008C76E283763A40,32
15,16,Durbar Marg Police Station,27.7130123,85.318138,0101000020E6100000600C7C5F5C54554090E85EF987B63B40,16
173,175,Elaka Prahari Karyalaya Jamunaha Banke,28.0211252,81.6025507,0101000020E61000002CD6CF309066544040200A7668053C40,175
115,117,Fattepur Police station,27.1194952,85.0176385,0101000020E6100000DCDB3AFD2041554020A5C83C971E3B40,117
28,29,Gahana Pokhari Police Bit,27.7166129,85.3326743,0101000020E6100000281626894A555540A0F467F173B73B40,29
125,127,Gaindakot  Police Checkpost,27.7011535,84.4179539,0101000020E6100000EC4FB7C1BF1A5540B0D5B6CB7EB33B40,127
222,225,Ganjauhawa Prahari Chauki,28.5472175,80.9211965,0101000020E610000028682AE2F43A5440003F3272168C3C40,225
54,55,Gaurighat Police Beat,27.7133153,85.3496355,0101000020E61000007444936D605655402036DCD49BB63B40,55
37,38,Golfutar police Bit,27.7474597,85.3483052,0101000020E610000010E4E4A14A565540F0BDD58459BF3B40,38
213,216,Gothijula police post,29.4128152,82.003764,0101000020E6100000A4205CAB3D805440F068C541AE693D40,216
76,77,Haripur Chouki,27.7116894,84.4841015,0101000020E610000098B3DB84FB1E55403089CA4631B63B40,77
105,106,Hatkhola Chowk,26.4601652,87.292585,0101000020E610000024776FB6B9D255401076F562CD753A40,106
236,239,Hilsa Border Police Station,30.1515774,81.331598,0101000020E61000008815D1E6385554409092C8C6CD263E40,239
241,244,Hilsa Border Police Station,30.1522813,81.3345337,0101000020E61000009C16090069555440803045E8FB263E40,244
214,217,"Ilaka Police Station, Kapilakot",27.2633644,85.728724,0101000020E61000007889FC69A36E554000226DD96B433B40,217
201,204,Ilaka Prahari Karyalaya,29.047357,80.604986,0101000020E61000001CD13217B8265440B0589E961F0C3D40,204
191,193,Ilaka Prahari Karyalaya Hansapur,28.175892,84.1442673,0101000020E61000007C69E9AC3B095540F08D1442072D3C40,193
108,109,"Ilaka Prahari Karyalaya, Sisuwa",28.1725723,84.0535176,0101000020E610000010F714D56C035540704AC2B22D2C3C40,109
5,6,Imadol Police Station,27.6592311,85.3439525,0101000020E6100000BC0C595103565540A04C8E5EC3A83B40,6
157,159,jagati police checking post,27.665954,85.4389626,0101000020E6100000CCD696F6175C554020AF19F67BAA3B40,159
197,200,Jaspur Police Post,28.0612076,82.2677955,0101000020E6100000387BBC8F23915440D057214DAB0F3C40,200
195,197,Jogikuti Police station,27.6677429,83.4649752,0101000020E6100000D8845727C2DD5440A069DC32F1AA3B40,197
100,101,Jorpati Police Station,27.7213663,85.3726523,0101000020E6100000C4B50889D957554090483976ABB83B40,101
3,4,Kalimati,27.6963576,85.2993664,0101000020E610000020A3B0D12853554050B4DC7D44B23B40,4
44,45,Kalimati Police Station,27.6972867,85.2993512,0101000020E61000002465EF9128535540F086946181B23B40,45
8,9,Kamal Pokhari Police Station,27.7102167,85.3255759,0101000020E610000080F04C3CD654554080BFFBC2D0B53B40,9
30,31,Kapan Police Beat,27.7367724,85.3541516,0101000020E6100000D814796BAA565540F0FEB31D9DBC3B40,31
185,187,karagar security guard banke,28.053972,81.6182698,0101000020E6100000CCC97EBB9167544070A6E81BD10D3C40,187
209,212,Kudari Police Station,29.2271154,82.0085493,0101000020E610000040AA5C128C80544080CC1E3C243A3D40,212
202,205,Lapsibot Police Station,28.3177355,83.7443905,0101000020E610000058950D18A4EF544050F61B1D57513C40,205
205,208,Laukahi Police Station,26.6003123,87.0656171,0101000020E610000030E8101233C45540707C2111AE993A40,208
113,114,Lazimpat Police Office,27.7226711,85.3211019,0101000020E6100000CC9DFBEE8C54554040CC23F900B93B40,114
134,136,Lekhnath Community Police Station,28.1697869,84.0553013,0101000020E61000008C51760E8A035540A0458027772B3C40,136
50,51,Lokanthali Police,27.6746428,85.3585513,0101000020E6100000282F2781F2565540804DF963B5AC3B40,51
91,92,Mahabir Chok,26.7275403,85.9253902,0101000020E6100000F40AD197397B55409080C41440BA3A40,92
42,43,Mahadev Basi Polish beat,27.7504348,85.0662255,0101000020E6100000AC47E1093D4455404052BC7E1CC03B40,43
169,171,Mahanagar Prahare Kendra,27.6967938,85.3036787,0101000020E6100000DC0BC9786F5355401050151461B23B40,171
24,25,Mahanagariya Prahari Bit,27.6734631,85.3156145,0101000020E6100000A422290733545540E006E41368AC3B40,25
120,122,Mahanagariya Prahari Bit Ward no 4,27.7326164,85.3387306,0101000020E610000084A61CC3AD555540B07C97BF8CBB3B40,122
36,37,Mahanagariya Prahari Pahara Gana HQ,27.7359145,85.322846,0101000020E61000000CF54482A954554070D086E464BC3B40,37
19,20,Mahanagariya Prahari Parisar,27.7039529,85.3327052,0101000020E61000003480C00A4B555540202BDD4136B43B40,20
217,220,Mahuwari Police Station,27.6196474,83.5030868,0101000020E6100000747EFA9232E05440F0CC4736A19E3B40,220
244,247,Maila Kuwadi Humla Police Post,29.6070027,81.7708178,0101000020E610000000DE2E145571544080256987649B3D40,247
66,67,Makwanpur Police Station,27.4319384,85.0278321,0101000020E6100000F4004A00C8415540B079D683936E3B40,67
81,82,Manahari Police Station,27.5396632,84.8059241,0101000020E6100000685FAD4294335540B08E145E278A3B40,82
165,167,Mandikhatar,27.7363124,85.3477827,0101000020E6100000F0FC5E1242565540F0C42CF87EBC3B40,167
12,13,mangalbazar police station,27.6725186,85.3251065,0101000020E610000048447E8BCE545540409CD12D2AAC3B40,13
26,27,Mangalsen Smriti Brigade,28.1883627,82.5402824,0101000020E6100000543CA1FC93A25440707BB58938303C40,27
106,107,"Mangaltar, Chhap",27.4754016,85.7438403,0101000020E61000004C9558149B6F5540103356EBB3793B40,107
156,158,Manicipilty Polica Station Thali,27.7270088,85.4056106,0101000020E6100000E4502986F5595540608BAB3F1DBA3B40,158
228,231,Marpak Prahari Chauki,28.0094253,84.9531971,0101000020E610000048DB682E013D554030B349B269023C40,231
246,249,Melchham Police Station,29.7492926,82.0643996,0101000020E61000007CED7F1F1F845440F04DCAA3D1BF3D40,249
23,24,Metro Police Range - Pulchowk,27.6772242,85.3165788,0101000020E6100000883ABAD3425455409013B0905EAD3B40,24
14,15,"Metropolitan Police Beat, Mandikhatar",27.736285,85.3477888,0101000020E61000000CECF42B42565540F0307C2C7DBC3B40,15
34,35,Metropolitan Police Circle,27.7184446,85.3094495,0101000020E6100000D0AA4605CE535540E0943DFCEBB73B40,35
67,68,Metropolitan Police Post,27.7121975,85.3388588,0101000020E6100000F48DD1DCAF55554020DB4A9352B63B40,68
77,78,Metropolitan Traffic Police,27.6770404,85.2760508,0101000020E6100000FC67F9D0AA51554090C3098552AD3B40,78
92,93,Murli Chok traffic,26.7217553,85.9284397,0101000020E61000000818598E6B7B5540203790F4C4B83A40,93
71,72,Nagdhunga Checkpost,27.7064432,85.2056663,0101000020E6100000F0D6FBA2294D5540F0BC2676D9B43B40,72
208,211,Namagadh Police Station,29.1968439,81.9093318,0101000020E6100000D493017E327A5440F04F9F5C64323D40,211
39,40,Nepal Police,27.7005014,85.3247576,0101000020E61000001CA819D4C8545540709A4D0F54B33B40,40
46,47,Nepal Police,27.6788938,85.3492678,0101000020E6100000D4EC54675A5655404035EBFBCBAD3B40,47
155,157,Nepal Police Academy,27.733809,85.3297429,0101000020E610000044CEF6811A555540604E19E8DABB3B40,157
32,33,Old Baneshwar Police Station,27.7014959,85.3403139,0101000020E6100000C4AEF3B3C755554010903E3C95B33B40,33
159,161,Passenger Help Desk,28.2320367,83.9827672,0101000020E6100000584466A8E5FE54402042D5C1663B3C40,161
210,213,Patrasi Police Station,29.302563,82.28502,0101000020E610000040C186C43D925440109FCFC4744D3D40,213
200,203,Phedikhola police station,28.1545776,83.8838604,0101000020E6100000EC4F362B91F854408005C96592273C40,203
146,148,Phidim Police Clock Tower,27.1485975,87.7676522,0101000020E6100000804EB13621F15540C03A5A7C0A263B40,148
194,196,Picket-6,27.4167391,85.0281705,0101000020E610000004CEA38BCD415540F0E0E669AF6A3B40,196
161,163,pipalla,29.2497781,80.9418332,0101000020E6100000F81DC2FE463C5440A0F32075F13F3D40,163
25,26,Police,27.6856352,85.3068102,0101000020E6100000EC1F40C7A2535540004AD7C985AF3B40,26
73,74,police,27.1508798,87.244517,0101000020E610000098A4A12AA6CF554040C1FF0EA0263B40,74
74,75,police,27.5241044,85.4775798,0101000020E6100000706ADDAA905E5540408ABAB42B863B40,75
82,83,Police,27.680876,84.5129871,0101000020E6100000CC85D8C7D4205540E051B8E34DAE3B40,83
158,160,police,27.1453598,87.7655166,0101000020E610000014F85539FEF055403013C44C36253B40,160
144,146,Police Beat,28.2075855,81.3430042,0101000020E6100000848BE3C7F35554403037C75224353C40,146
166,168,Police Beat,28.1723988,84.0531901,0101000020E610000098B77277670355405000E653222C3C40,168
145,147,"Police Beat, Budhibazar",28.1835855,84.0378727,0101000020E6100000380C9E816C02554050899575FF2E3C40,147
188,190,"Police Beat, Gagangaunda",28.1327604,84.0827224,0101000020E61000006C1CE5524B055540403AE795FC213C40,190
59,60,Police bit,26.543466,86.7473664,0101000020E6100000F800E2D9D4AF554060BA7896208B3A40,60
174,176,Police Bit,28.0598623,81.6149399,0101000020E6100000DCEFE12C5B675440405BBC22530F3C40,176
175,177,Police Bit,28.0670291,81.6261113,0101000020E61000008064213512685440F093AFD128113C40,177
176,178,Police Bit,28.0629842,81.6242894,0101000020E61000000C87875BF4675440F0DA87BB1F103C40,178
177,179,Police Bit,28.074173,81.6362205,0101000020E6100000C83730D6B768544010777200FD123C40,179
178,180,Police Bit,28.0590468,81.6423581,0101000020E6100000649325651C695440C03BEBB01D0F3C40,180
179,181,Police Bit,28.071575,81.6317359,0101000020E61000008CDD695C6E685440E0943CBD52123C40,181
180,182,Police Bit,28.0607901,81.6197209,0101000020E610000048C0D981A967544050EBA2F08F0F3C40,182
184,186,Police Bit,28.0526855,81.6204424,0101000020E610000060790A54B5675440105805CC7C0D3C40,186
187,189,police bit,28.0576421,81.6233942,0101000020E6100000305CC9B0E5675440301AF8A1C10E3C40,189
204,207,Police bit mid Baneshwar,27.695491,85.3374992,0101000020E610000000A33E9699555540D0FDBCB20BB23B40,207
45,46,Police booth,27.692437,85.2977524,0101000020E6100000DC9814600E535540008B1C8D43B13B40,46
147,149,"Police Chauki, Nayapool",28.2974558,83.7673165,0101000020E6100000A83FAAB61BF15440F0A03510264C3C40,149
96,97,Police Check post,27.7033486,84.4156837,0101000020E6100000E49CCE8F9A1A5540A0EF62A70EB43B40,97
162,164,Police Check Post,27.9105677,84.8840465,0101000020E610000038C8C5379438554010BFFAF61AE93B40,164
230,233,Police Check Post,28.398972,83.7007825,0101000020E61000005401D89ED9EC544050206D0723663C40,233
56,57,Police checkpost,28.8166105,83.8664761,0101000020E6100000B07C2C5874F754404088BE620DD13C40,57
86,87,Police checkpost;Check Post,28.7828628,83.7254229,0101000020E6100000A8C22B546DEE5440B04D4AB269C83C40,87
164,166,Police Karalaya,27.8803858,84.8849295,0101000020E6100000A41D57AFA238554060DAB9F660E13B40,166
64,65,police offic ghoretar,27.0214949,87.1223779,0101000020E6100000ACCC1D0AD5C7554020AF92B080053B40,65
215,218,Police office (2),29.5161567,81.8325477,0101000020E610000014E0257648755440E0B370D822843D40,218
22,23,"Police Office, Kirtipur",27.6777094,85.2750397,0101000020E61000008C631D409A5155402033FC5C7EAD3B40,23
60,61,police post,26.5291371,86.9223398,0101000020E61000002C23839D07BB554080046C8775873A40,61
130,132,Police Post,27.6812781,85.3033803,0101000020E6100000B4F734956A5355409049D83D68AE3B40,132
132,134,Police Post,26.6844564,87.0958838,0101000020E6100000A831CEF522C65540004BDD8838AF3A40,134
154,156,police post,26.5292415,86.9222874,0101000020E6100000CC2CBBC106BB5540D0E0F45E7C873A40,156
242,245,Police Post,29.6605541,81.864152,0101000020E6100000149A30444E775440D08FD1121AA93D40,245
52,53,Police station,27.9000873,84.5376592,0101000020E6100000841C22026922554060FF0C1F6CE63B40,53
80,81,police station,27.6712321,84.4384065,0101000020E6100000ACEB22DA0E1C5540E04DEEDDD5AB3B40,81
83,84,Police Station,27.6785543,85.3412105,0101000020E6100000AC629064D6555540301810BCB5AD3B40,84
84,85,police station,27.6760937,85.3379616,0101000020E610000024C5B029A155554080AA0B7A14AD3B40,85
85,86,Police Station,27.9915981,84.6272815,0101000020E610000008044E612528554060BA815FD9FD3B40,86
93,94,Police station,28.8371949,83.787083,0101000020E6100000FC9B5F915FF254407044AA6752D63C40,94
198,201,Police Station,27.6991403,85.3513667,0101000020E6100000F078C1CA7C5655405052D3DBFAB23B40,201
171,173,Police Station KoshHaat,27.3085773,86.3767514,0101000020E61000006499E7B11C985540D08202ECFE4E3B40,173
245,248,Police Station Mimi Darma,29.730444,82.0722632,0101000020E61000007029D4F59F845440B060C460FEBA3D40,248
138,140,"Police Station, Sarankot",28.2442038,83.9562229,0101000020E61000005CA788C132FD5440A0B1E423843E3C40,140
152,154,"Police Station, Sundaridanda",28.1656394,84.112588,0101000020E610000090324CA43407554060CEFC57672A3C40,154
111,112,"Police station,thimi",27.6821105,85.3914749,0101000020E6100000588CBDEC0D595540709D32CB9EAE3B40,112
183,185,Prahari Bit,28.0796457,81.6282865,0101000020E610000028BE94D835685440F0001BA963143C40,185
148,150,"Prahari Chauki , Barakilo",27.972775,84.5689721,0101000020E61000004055F4096A245540E0CA4AC807F93B40,150
149,151,"Prahari Chauki, Majwa Deurali",27.9116979,84.5429547,0101000020E6100000647F11C5BF225540C0EC980865E93B40,151
219,222,Raghechaur Police Station,28.571768,82.1998793,0101000020E610000038D48BD2CA8C5440F0703C635F923C40,222
4,5,Rangers,27.7073176,85.2925744,0101000020E610000044E6F989B9525540204926C412B53B40,5
49,50,Ranibari Police station,27.7301705,85.3179649,0101000020E6100000B8A6738959545540F0943074ECBA3B40,50
47,48,Rastriya Suchana Aayog,27.681951,85.3475686,0101000020E6100000981C5E903E56554000A43A5794AE3B40,48
170,172,Regional Police Office,27.2203618,87.6524287,0101000020E6100000D0D24E64C1E9554040F684A169383B40,172
203,206,Saamudayik Sewa Kendra Police station,28.2574235,83.7194869,0101000020E6100000E4EBC7120CEE5440D0B2A981E6413C40,206
181,183,Sainik Ilaka Police Office,28.0602765,81.6467012,0101000020E6100000C42D6E8D636954409030DB476E0F3C40,183
141,143,"Samudayak Sewa Kendra, Baaidam",28.2145448,83.9565514,0101000020E610000068B15C2338FD544020407268EC363C40,143
139,141,"Samudayak Sewa Kendra, Matepani",28.2154829,84.0039371,0101000020E6100000A00F658140005540E0B226E329373C40,141
126,128,"Samudayak Sewa Kendra, Prithivi Chowk",28.209592,83.9877959,0101000020E6100000A4414B0C38FF544070AA42D2A7353C40,128
101,102,Sankhar Police Force,27.8736556,83.9263852,0101000020E6100000849B26E549FB54403014B6E4A7DF3B40,102
48,49,Sanothimi Police Station,27.6825804,85.3719717,0101000020E610000058596362CE575540A006CD96BDAE3B40,49
218,221,Sarkena Police Station,28.6208904,82.2744636,0101000020E6100000A012C6CF90915440C0475AACF29E3C40,221
7,8,Satdobato Police Station,27.6584715,85.3248474,0101000020E610000050ADBF4CCA545540C01A969691A83B40,8
127,129,Seleghat Police Station,27.3404919,85.9850431,0101000020E6100000F0C236F20A7F5540F0F8267A2A573B40,129
119,121,Shanischare Police Station,26.6853034,87.9928089,0101000020E6100000582E572E8AFF554020432C0B70AF3A40,121
90,91,Shiv Chok,26.7295011,85.9292943,0101000020E6100000DC7DCC8E797B5540602A8895C0BA3A40,91
168,170,Shree Sasastra Prahari Bal Nepal,28.2060016,84.0101224,0101000020E6100000C4F26BD8A5005540C0E55685BC343C40,170
186,188,shree Sasastra prahari base camp,28.0516994,81.623837,0101000020E61000008C5706F2EC67544000AF002C3C0D3C40,188
224,227,Sima Prahari Chauki Lalbojhi,28.4589576,80.9540865,0101000020E6100000688AD2C00F3D5440C04ECA3E7E753C40,227
220,223,Simli Police Station,28.657621,82.3521903,0101000020E6100000B0F22E498A965440800F91D959A83C40,223
211,214,Sinja Police Station,29.3264887,81.9841713,0101000020E6100000806E9EA9FC7E5440808E70C394533D40,214
196,199,Siwai Police Chauki,26.761753,86.8788409,0101000020E6100000502CE7ED3EB85540F0EB9F3E02C33A40,199
41,42,SOCIAL POLICE SERVICE,27.6860297,85.2822864,0101000020E6100000EC73FAFA10525540B0C574A49FAF3B40,42
9,10,Someswor Police,27.434914,84.4170709,0101000020E61000004C03254AB11A554060C61C86566F3B40,10
160,162,SP office,26.4740151,87.2886129,0101000020E610000068113EA278D2554080AAB60D59793A40,162
199,202,"Sub Police Station, Tokha",27.7562498,85.3273557,0101000020E610000044505265F354554010D83F9699C13B40,202
72,73,subh chowk,26.7355907,85.9321272,0101000020E61000005827D8F8A77B5540603F11AC4FBC3A40,73
223,226,Sunahaphata Prahari Chauki,28.4631478,81.0288718,0101000020E6100000F42F1B09D94154407010B0DA90763C40,226
27,28,Sworgadwari Police Station,28.1221141,82.6734055,0101000020E61000004080611319AB54404089A3DE421F3C40,28
243,246,Tanjakot Temporary Police bit,29.6386107,81.7591405,0101000020E6100000444909C295705440A09EA6FD7BA33D40,246
206,209,Tatopani Police Station,29.2446403,82.1064327,0101000020E6100000608C19CBCF865440E08926BFA03E3D40,209
51,52,Temporary police Beat,27.7230833,85.3017347,0101000020E6100000E03E0F9F4F535540E04CB4FC1BB93B40,52
58,59,temporary police post,26.5442164,86.7423945,0101000020E6100000D8E2386483AF554050F216C4518B3A40,59
235,238,temporary police post,29.3646154,81.3446027,0101000020E6100000BCD17BF80D56544090D1506F575D3D40,238
136,138,"Temporary Police Station Ripitar, Sarankot",28.2457824,83.9485398,0101000020E6100000D01047E0B4FC544000F46A98EB3E3C40,138
140,142,"Temporary Police Station, Baal Sudhar Kendra Saarankot",28.2397828,83.9649231,0101000020E6100000D801D14CC1FD5440D070D367623D3C40,142
137,139,"Temporary Police Station, Bindawasini",28.2373819,83.9852464,0101000020E6100000F8BBEA460EFF54406040670FC53C3C40,139
109,110,"Temporary Police Station, Nadipur",28.2334287,83.9905489,0101000020E6100000ECA8362765FF54407032B9FBC13B3C40,110
135,137,"Temporary Police Station, Srijana Chowk",28.2109696,83.9811525,0101000020E610000090F5DA33CBFE544060738B1A02363C40,137
112,113,Thapathali,27.6890227,85.3204209,0101000020E6100000E882A9C681545540C0B8ABCA63B03B40,113
35,36,Tilingatar Police Station,27.7380078,85.3255859,0101000020E610000020E33D66D654554080D94414EEBC3B40,36
227,230,Todke Prahari chauki,27.9722425,84.9222782,0101000020E61000002C1C259B063B554020876BE2E4F83B40,230
11,12,Tourist Check,28.5524367,84.2589483,0101000020E6100000CC18E49B921055401071D87D6C8D3C40,12
17,18,Tourist Police,27.6739246,85.3256523,0101000020E6100000ACEDBE7CD75455406000965286AC3B40,18
62,63,Tourist Police,28.1637681,85.337056,0101000020E6100000FCF153539255554000FECAB4EC293C40,63
167,169,Tourist Police,27.5830775,84.4961339,0101000020E6100000400367A8C01F5540E0A5299144953B40,169
172,174,Tourist Police,27.4910966,83.2743587,0101000020E610000050BFCA178FD15440F027BD81B87D3B40,174
142,144,Tourist Police Information Center,28.2082223,83.9573751,0101000020E610000030AD35A245FD5440D098820E4E353C40,144
143,145,Tourist Police Information Center,28.2013072,83.9681975,0101000020E61000000C56A5F2F6FD544000BD60DE88333C40,145
1,2,Tourist Police Post,28.2117055,83.95727,0101000020E6100000943164E943FD544040A2E55432363C40,2
43,44,"Tourist Police Sub-Section, Baidam",28.1992872,83.9695651,0101000020E6100000A895C65A0DFE5440206B687C04333C40,44
38,39,Traffic Police,27.7509027,85.8212041,0101000020E610000004C5A39B8E745540A043CC283BC03B40,39
88,89,Traffic Police,26.723844,85.9161762,0101000020E6100000886280A1A27A5540102025D74DB93A40,89
163,165,Traffic Police,27.6624293,83.0463196,0101000020E6100000BC6F7BE6F6C25440800275F794A93B40,165
229,232,Traffic Police Durbar murg,27.713044,85.3179788,0101000020E61000001094C0C359545540203E360D8AB63B40,232
20,21,Traffic police maha sakha,27.6994184,85.3214863,0101000020E610000044E3453B93545540B0F591150DB33B40,21
190,192,Traffic Police Office,28.2089021,83.9863447,0101000020E61000008C1B854520FF54405080A69B7A353C40,192
207,210,Traffic Police Post,29.2268094,81.9511131,0101000020E6100000B4B47A09DF7C544000004C2E103A3D40,210
16,17,Traffic station,27.694123,85.2821442,0101000020E61000001C818BA60E525540B028810BB2B13B40,17
226,229,Traffick Police Post,27.6698403,85.4105113,0101000020E610000000C62FD1455A554050B767A77AAB3B40,229
68,69,Unified maoist camp previoulsy,26.6642214,87.7269249,0101000020E61000001C1B04F085EE5540B094E7690AAA3A40,69
57,58,wada prahari karyalaya siraha road,26.5376059,86.7459048,0101000020E6100000603B7CE7BCAF5540D0BE4D8AA0893A40,58
193,195,Ward City Police Office,27.4203475,85.0390006,0101000020E610000078455FFC7E425540F0E5CBE49B6B3B40,195
102,103,Ward Police Office,28.0595216,81.6318182,0101000020E610000064739AB56F68544020BABCCE3C0F3C40,103
150,152,"Ward Police Station, Gagangauda",28.1333702,84.0834953,0101000020E61000005001ACFC5705554090DEA88C24223C40,152
248,251,Yanchu Police station,29.9405427,81.8539267,0101000020E6100000CC962CBCA6765440D0C90968C7F03D40,251
237,240,Yari Police Post,30.1130097,81.4341181,0101000020E610000080104897C85B5440105D2534EE1C3E40,240
